187.2.146.0/25,BR,BR-SP,Presidente Prudente,
191.184.100.0/22,BR,BR-SP,Tietê,
187.255.160.0/22,BR,BR-SP,Tietê,
177.64.168.0/22,BR,BR-SP,Tietê,
187.123.185.0/27,BR,BR-SP,Tietê,
187.123.185.32/27,BR,BR-SP,Tietê,
187.123.185.64/27,BR,BR-SP,Tietê,
187.123.185.96/27,BR,BR-SP,Tietê,
187.123.185.128/27,BR,BR-SP,Tietê,
187.123.185.160/27,BR,BR-SP,Tietê,
187.123.185.192/27,BR,BR-SP,Tietê,
187.123.185.224/27,BR,BR-SP,Tietê,
191.184.96.0/22,BR,BR-SP,Tietê,
179.153.128.8/30,BR,BR-SP,Tietê,
187.180.236.0/22,BR,BR-RJ,Teresópolis,
187.180.230.0/23,BR,BR-RJ,Teresópolis,
187.180.228.0/23,BR,BR-RJ,Teresópolis,
187.180.232.0/22,BR,BR-RJ,Teresópolis,
187.180.240.0/21,BR,BR-RJ,Teresópolis,
187.180.248.0/22,BR,BR-RJ,Teresópolis,
187.180.252.0/22,BR,BR-RJ,Teresópolis,
187.180.225.128/25,BR,BR-RJ,Teresópolis,
187.180.226.128/25,BR,BR-RJ,Teresópolis,
187.180.226.0/25,BR,BR-RJ,Teresópolis,
187.180.227.0/25,BR,BR-RJ,Teresópolis,
187.180.225.68/30,BR,BR-RJ,Teresópolis,
177.65.60.0/22,BR,BR-RJ,Nilópolis,
177.65.40.0/21,BR,BR-RJ,Nilópolis,
177.65.53.0/24,BR,BR-RJ,Nilópolis,
187.122.189.0/24,BR,BR-RJ,Nilópolis,
187.122.190.224/27,BR,BR-RJ,Nilópolis,
179.157.183.0/24,BR,BR-RJ,Nilópolis,
179.233.173.80/30,BR,BR-RJ,Nilópolis,
189.55.192.0/22,BR,BR-SP,São Bernardo do Campo,
187.123.190.0/23,BR,BR-SP,Capivari,
177.64.180.0/22,BR,BR-SP,Capivari,
177.64.184.0/22,BR,BR-SP,Capivari,
187.255.168.0/22,BR,BR-SP,Capivari,
187.123.160.0/22,BR,BR-SP,Capivari,
187.123.164.0/22,BR,BR-SP,Capivari,
187.123.168.0/22,BR,BR-SP,Capivari,
191.184.124.0/23,BR,BR-SP,Capivari,
181.223.112.0/22,BR,BR-RJ,Rio das Ostras,
181.223.96.0/23,BR,BR-RJ,Rio das Ostras,
179.233.140.0/22,BR,BR-RJ,Rio das Ostras,
179.233.129.0/25,BR,BR-RJ,Rio das Ostras,
179.105.50.0/25,BR,BR-RJ,Rio das Ostras,
181.221.61.0/24,BR,BR-RJ,Rio das Ostras,
179.233.130.200/30,BR,BR-RJ,Rio das Ostras,
177.65.132.0/22,BR,BR-PA,Belém,
187.122.253.16/30,BR,BR-PA,Belém,
191.187.158.0/23,BR,BR-PE,Recife,
181.221.112.0/23,BR,BR-PE,Recife,
186.223.152.0/23,BR,BR-PE,Recife,
177.183.202.0/23,BR,BR-PE,Recife,
179.152.254.0/25,BR,BR-PE,Recife,
181.222.210.0/23,BR,BR-MG,Uberaba,
177.143.136.0/23,BR,BR-SP,Jacareí,
177.143.144.0/22,BR,BR-SP,Jacareí,
187.2.120.0/23,BR,BR-SP,Jacareí,
187.2.122.0/23,BR,BR-SP,Jacareí,
179.223.68.0/22,BR,BR-SP,Jacareí,
179.223.66.0/23,BR,BR-SP,Jacareí,
187.106.138.0/23,BR,BR-SP,Jacareí,
187.2.102.0/24,BR,BR-SP,Jacareí,
201.62.113.128/25,BR,BR-SP,Jacareí,
187.106.144.60/30,BR,BR-SP,Jacareí,
189.55.161.0/24,BR,BR-SP,Atibaia,
181.220.160.132/30,BR,BR-SP,Atibaia,
179.153.136.0/22,BR,BR-SP,Porto Feliz,
179.153.168.0/22,BR,BR-SP,Porto Feliz,
179.153.188.0/22,BR,BR-SP,Porto Feliz,
179.153.128.4/30,BR,BR-SP,Porto Feliz,
179.153.128.16/30,BR,BR-SP,Salto,
181.223.220.0/24,BR,BR-PE,Recife,
191.179.114.0/24,BR,BR-PE,Recife,
189.55.240.0/21,BR,BR-SP,Mauá,
189.55.232.0/22,BR,BR-SP,Mauá,
189.55.248.0/21,BR,BR-SP,Mauá,
179.212.76.240/30,BR,BR-SP,Mauá,
187.107.214.0/23,BR,BR-RJ,Rio das Ostras,
181.221.56.0/24,BR,BR-RJ,Rio das Ostras,
179.233.130.208/30,BR,BR-RJ,Rio das Ostras,
187.123.122.0/23,BR,BR-SP,Aparecida,
179.157.106.0/23,BR,BR-SP,Aparecida,
177.65.214.0/23,BR,BR-SP,Aparecida,
179.157.123.0/24,BR,BR-SP,Aparecida,
179.211.116.0/22,BR,BR-SP,Aparecida,
187.123.112.0/22,BR,BR-SP,Aparecida,
187.123.144.0/23,BR,BR-SP,Aparecida,
179.211.115.0/25,BR,BR-SP,Aparecida,
179.211.115.128/26,BR,BR-SP,Aparecida,
179.211.115.224/27,BR,BR-SP,Aparecida,
179.211.114.0/25,BR,BR-SP,Aparecida,
179.211.115.192/27,BR,BR-SP,Aparecida,
179.211.114.128/25,BR,BR-SP,Aparecida,
187.123.159.32/30,BR,BR-SP,Aparecida,
191.190.45.0/24,BR,BR-RJ,Niterói,
186.223.166.0/24,BR,BR-RJ,Niterói,
191.190.44.0/24,BR,BR-RJ,Niterói,
187.106.145.0/24,BR,BR-SP,Jacareí,
189.54.234.0/23,BR,BR-SP,Jacareí,
187.2.124.0/22,BR,BR-SP,Jacareí,
179.223.108.0/22,BR,BR-SP,Jacareí,
179.223.40.0/22,BR,BR-SP,Jacareí,
187.106.152.0/22,BR,BR-SP,Jacareí,
187.106.144.76/30,BR,BR-SP,Jacareí,
179.157.186.0/24,BR,BR-RJ,Mesquita,
179.233.173.64/30,BR,BR-RJ,Mesquita,
177.180.138.0/23,BR,BR-BA,Salvador,
179.233.168.0/22,BR,BR-RJ,São João de Meriti,
177.65.52.0/24,BR,BR-RJ,São João de Meriti,
179.211.128.0/21,BR,BR-RJ,São João de Meriti,
179.157.187.0/24,BR,BR-RJ,São João de Meriti,
179.233.173.128/30,BR,BR-RJ,São João de Meriti,
179.211.136.0/21,BR,BR-RJ,Nova Iguaçu,
179.157.179.0/24,BR,BR-RJ,Nova Iguaçu,
179.233.173.108/30,BR,BR-RJ,Nova Iguaçu,
179.157.116.0/23,BR,BR-SP,Aparecida,
177.193.118.0/23,BR,BR-SP,Aparecida,
179.157.98.0/23,BR,BR-SP,Aparecida,
177.193.113.0/24,BR,BR-SP,Aparecida,
179.211.121.0/24,BR,BR-SP,Aparecida,
187.123.154.0/23,BR,BR-SP,Aparecida,
179.157.102.0/24,BR,BR-SP,Aparecida,
187.123.136.0/22,BR,BR-SP,Aparecida,
179.211.96.0/22,BR,BR-SP,Aparecida,
187.123.159.28/30,BR,BR-SP,Aparecida,
177.193.219.128/25,BR,BR-BA,Salvador,
191.190.252.0/24,BR,BR-BA,Salvador,
177.64.242.0/24,BR,BR-MT,Cuiabá,
181.218.228.0/23,BR,BR-SP,Guarujá,
191.187.134.0/24,BR,BR-PE,Recife,
181.223.232.0/24,BR,BR-CE,Aquiraz,
191.187.133.0/24,BR,BR-PE,Recife,
181.218.138.0/23,BR,BR-SC,Chapecó,
187.123.88.128/25,BR,BR-MA,Imperatriz,
187.123.89.128/25,BR,BR-MA,Caxias,
191.190.254.0/25,BR,BR-BA,Salvador,
181.221.230.0/23,BR,BR-SC,Blumenau,
179.223.206.0/23,BR,BR-SC,Blumenau,
181.218.136.0/23,BR,BR-SC,Chapecó,
179.105.155.0/24,BR,BR-BA,Camaçari,
177.80.108.0/22,BR,BR-SP,Mauá,
189.54.88.0/22,BR,BR-SP,São Bernardo do Campo,
191.187.124.0/22,BR,BR-SP,Lençóis Paulista,
191.187.120.0/22,BR,BR-SP,Lençóis Paulista,
177.127.216.0/22,BR,BR-SP,Promissão,
191.190.254.128/25,BR,BR-BA,Salvador,
179.235.223.0/24,BR,BR-PE,Jaboatão dos Guararapes,
179.137.3.0/24,BR,BR-MS,Ponta Porã,
179.137.4.0/24,BR,BR-MS,Ponta Porã,
189.54.148.0/23,BR,BR-SP,São Caetano do Sul,
179.137.32.0/23,BR,BR-RS,São Luiz Gonzaga,
179.136.60.0/23,BR,BR-RS,Palmeira das Missões,
179.137.34.128/25,BR,BR-RS,Palmeira das Missões,
187.107.116.0/23,BR,BR-SC,São Francisco do Sul,
179.232.240.0/24,BR,BR-SC,São Francisco do Sul,
189.7.14.0/24,BR,BR-SC,São Francisco do Sul,
187.123.89.0/25,BR,BR-MA,Caxias,
181.221.232.0/23,BR,BR-SC,Blumenau,
181.221.234.0/23,BR,BR-SC,Blumenau,
177.34.66.0/23,BR,BR-SC,São Francisco do Sul,
179.136.129.0/24,BR,BR-SC,São Francisco do Sul,
186.207.183.0/24,BR,BR-BA,Camaçari,
177.34.64.0/23,BR,BR-SC,São Francisco do Sul,
179.136.128.0/24,BR,BR-SC,São Francisco do Sul,
177.100.175.0/24,BR,BR-RS,Esteio,
187.107.118.0/23,BR,BR-SC,São Francisco do Sul,
189.7.15.0/24,BR,BR-SC,São Francisco do Sul,
179.156.131.0/24,BR,BR-SP,Bragança Paulista,
189.35.198.0/23,BR,BR-SC,Blumenau,
186.207.180.0/24,BR,BR-BA,Salvador,
189.29.84.0/24,BR,BR-SP,Piracaia,
181.218.10.0/23,BR,BR-SC,Criciúma,
189.123.17.0/24,BR,BR-RJ,São Gonçalo,
179.137.1.0/24,BR,BR-MS,Ponta Porã,
179.137.2.0/24,BR,BR-MS,Ponta Porã,
189.123.29.0/24,BR,BR-RJ,Niterói,
179.137.121.0/24,BR,BR-MS,Naviraí,
179.137.122.0/24,BR,BR-MS,Naviraí,
191.182.136.0/22,BR,BR-SP,São Bernardo do Campo,
189.123.28.0/24,BR,BR-RJ,São Gonçalo,
179.137.123.0/24,BR,BR-MS,Naviraí,
179.137.124.0/24,BR,BR-MS,Naviraí,
179.136.87.0/24,BR,BR-SP,Jundiaí,
186.218.255.0/24,BR,BR-BA,Camaçari,
186.218.254.0/24,BR,BR-BA,Camaçari,
191.184.58.0/24,BR,BR-PI,Teresina,
179.105.161.0/25,BR,BR-TO,Paraíso do Tocantins,
179.139.4.0/24,BR,BR-PE,Recife,
181.221.106.128/25,BR,BR-PE,Jaboatão dos Guararapes,
179.139.5.0/24,BR,BR-PE,Recife,
179.154.97.0/24,BR,BR-SP,Jundiaí,
191.188.31.0/24,BR,BR-SP,Jundiaí,
179.154.96.0/24,BR,BR-SP,Jundiaí,
187.255.124.0/24,BR,BR-SP,Guarulhos,
187.255.87.0/24,BR,BR-SP,Guarulhos,
179.136.80.0/24,BR,BR-SP,Jundiaí,
179.136.81.0/24,BR,BR-SP,Jundiaí,
179.136.82.0/24,BR,BR-SP,Jundiaí,
181.218.124.0/22,BR,BR-SC,Criciúma,
191.187.129.0/24,BR,BR-PE,Paulista,
179.105.150.0/25,BR,BR-BA,Salvador,
191.187.128.0/24,BR,BR-PE,Olinda,
181.216.106.0/23,BR,BR-SC,Chapecó,
179.157.124.0/23,BR,BR-SP,Cachoeira Paulista,
181.218.140.0/23,BR,BR-SC,Chapecó,
179.137.5.0/24,BR,BR-MS,Ponta Porã,
181.218.152.0/23,BR,BR-BA,Vitória da Conquista,
179.137.6.0/24,BR,BR-MS,Ponta Porã,
177.80.116.0/22,BR,BR-SP,Mauá,
191.187.70.0/24,BR,BR-SP,Bragança Paulista,
181.218.142.0/23,BR,BR-SC,Chapecó,
179.157.104.0/23,BR,BR-SP,Guaratinguetá,
191.184.120.0/23,BR,BR-SP,Capivari,
191.187.65.0/24,BR,BR-SP,Piracaia,
181.218.158.0/24,BR,BR-BA,Vitória da Conquista,
187.123.124.0/23,BR,BR-SP,Guaratinguetá,
187.123.126.0/23,BR,BR-SP,Guaratinguetá,
181.218.230.0/24,BR,BR-SP,Guarujá,
177.64.243.0/24,BR,BR-MT,Cuiabá,
179.214.82.0/23,BR,BR-AC,Rio Branco,
187.66.22.0/23,BR,BR-SP,Itu,
187.180.116.0/22,BR,BR-PA,Belém,
187.122.253.44/30,BR,BR-PA,Belém,
187.122.232.0/21,BR,BR-PA,Belém,
179.223.242.0/24,BR,BR-PA,Belém,
187.122.253.40/30,BR,BR-PA,Belém,
179.211.202.0/24,BR,BR-PA,Belém,
187.122.253.36/30,BR,BR-PA,Belém,
177.64.148.0/23,BR,BR-PA,Ananindeua,
177.65.136.0/24,BR,BR-PA,Ananindeua,
177.194.136.0/24,BR,BR-PA,Ananindeua,
177.194.153.0/24,BR,BR-PA,Ananindeua,
177.194.175.0/24,BR,BR-PA,Ananindeua,
179.211.214.0/24,BR,BR-PA,Ananindeua,
179.215.202.0/24,BR,BR-PA,Ananindeua,
191.178.144.0/24,BR,BR-PA,Ananindeua,
177.65.138.128/25,BR,BR-PA,Ananindeua,
177.194.172.128/25,BR,BR-PA,Ananindeua,
177.194.160.0/23,BR,BR-PA,Belém,
187.122.253.0/30,BR,BR-PA,Belém,
187.122.253.4/30,BR,BR-PA,Belém,
179.157.176.0/24,BR,BR-RJ,Duque de Caxias,
179.157.180.0/24,BR,BR-RJ,Duque de Caxias,
179.233.173.28/30,BR,BR-RJ,Duque de Caxias,
187.65.112.128/25,BR,BR-AL,Maceió,
179.155.32.0/23,BR,BR-SP,Taubaté,
179.155.34.0/23,BR,BR-SP,Taubaté,
179.155.50.0/23,BR,BR-SP,Taubaté,
179.235.80.0/23,BR,BR-SP,Taubaté,
187.180.216.0/22,BR,BR-SP,Taubaté,
187.180.220.0/23,BR,BR-SP,Taubaté,
189.55.136.0/22,BR,BR-SP,Taubaté,
200.160.105.128/25,BR,BR-SP,Taubaté,
201.62.114.128/25,BR,BR-SP,Taubaté,
187.2.217.0/30,BR,BR-SP,Taubaté,
179.155.54.0/23,BR,BR-SP,Taubaté,
179.155.56.0/22,BR,BR-SP,Taubaté,
187.2.208.0/21,BR,BR-SP,Taubaté,
187.66.168.0/22,BR,BR-SP,Taubaté,
187.180.204.0/22,BR,BR-SP,Taubaté,
187.2.217.20/30,BR,BR-SP,Taubaté,
187.105.24.128/25,BR,BR-RN,Natal,
191.179.158.0/24,BR,BR-RN,Natal,
187.105.24.0/25,BR,BR-RN,Natal,
179.155.48.0/23,BR,BR-SP,Taubaté,
187.2.224.0/22,BR,BR-SP,Taubaté,
187.180.192.0/22,BR,BR-SP,Taubaté,
189.4.208.0/20,BR,BR-SP,Taubaté,
189.29.100.0/23,BR,BR-SP,Taubaté,
189.29.104.0/22,BR,BR-SP,Taubaté,
189.55.140.0/22,BR,BR-SP,Taubaté,
201.62.115.0/24,BR,BR-SP,Taubaté,
187.2.217.16/30,BR,BR-SP,Taubaté,
179.216.132.0/23,BR,BR-MA,São Luís,
181.223.156.0/22,BR,BR-RN,Natal,
177.35.254.0/23,BR,BR-SP,Bragança Paulista,
177.83.50.0/24,BR,BR-SP,Bragança Paulista,
181.220.186.0/23,BR,BR-SP,Bragança Paulista,
181.220.188.0/23,BR,BR-SP,Bragança Paulista,
181.220.190.0/23,BR,BR-SP,Bragança Paulista,
187.2.83.0/24,BR,BR-SP,Bragança Paulista,
187.2.86.0/24,BR,BR-SP,Bragança Paulista,
187.39.105.0/24,BR,BR-SP,Bragança Paulista,
187.39.111.0/24,BR,BR-SP,Bragança Paulista,
187.66.146.0/24,BR,BR-SP,Bragança Paulista,
187.66.147.0/24,BR,BR-SP,Bragança Paulista,
189.29.76.0/23,BR,BR-SP,Bragança Paulista,
189.29.90.0/24,BR,BR-SP,Bragança Paulista,
189.29.91.0/24,BR,BR-SP,Bragança Paulista,
189.29.92.0/24,BR,BR-SP,Bragança Paulista,
191.187.76.0/23,BR,BR-SP,Bragança Paulista,
191.187.79.0/24,BR,BR-SP,Bragança Paulista,
200.160.107.128/25,BR,BR-SP,Bragança Paulista,
200.160.108.128/25,BR,BR-SP,Bragança Paulista,
177.83.48.0/24,BR,BR-SP,Bragança Paulista,
181.220.160.12/30,BR,BR-SP,Bragança Paulista,
177.193.219.0/25,BR,BR-BA,Salvador,
187.255.32.0/22,BR,BR-SP,Guarulhos,
177.80.104.0/22,BR,BR-SP,Mauá,
177.80.124.0/22,BR,BR-SP,Mauá,
191.182.108.0/22,BR,BR-SP,Mauá,
191.182.196.0/22,BR,BR-SP,Mauá,
191.182.204.0/22,BR,BR-SP,Mauá,
191.182.208.0/22,BR,BR-SP,Mauá,
201.74.68.0/22,BR,BR-SP,Mauá,
179.212.76.236/30,BR,BR-SP,Mauá,
187.255.80.0/22,BR,BR-SP,Guarulhos,
187.255.85.0/24,BR,BR-SP,Guarulhos,
191.190.46.0/26,BR,BR-RJ,Niterói,
191.190.46.0/24,BR,BR-RJ,Niterói,
179.156.128.0/22,BR,BR-SP,Atibaia,
177.83.55.0/24,BR,BR-SP,Atibaia,
187.3.104.0/21,BR,BR-SP,Santo André,
181.223.213.0/24,BR,BR-PE,Recife,
179.235.208.0/22,BR,BR-PE,Recife,
187.3.144.0/21,BR,BR-SP,São Caetano do Sul,
177.180.124.0/23,BR,BR-SP,Bragança Paulista,
179.232.163.0/24,BR,BR-SP,Bragança Paulista,
189.55.163.0/24,BR,BR-SP,Bragança Paulista,
177.180.120.0/24,BR,BR-SP,Bragança Paulista,
177.180.121.0/24,BR,BR-SP,Bragança Paulista,
179.232.162.0/24,BR,BR-SP,Bragança Paulista,
189.55.162.0/24,BR,BR-SP,Bragança Paulista,
189.29.72.0/23,BR,BR-SP,Bragança Paulista,
189.29.85.0/24,BR,BR-SP,Bragança Paulista,
189.29.78.0/23,BR,BR-SP,Bragança Paulista,
189.29.86.0/23,BR,BR-SP,Bragança Paulista,
187.66.144.0/23,BR,BR-SP,Bragança Paulista,
189.29.74.0/23,BR,BR-SP,Bragança Paulista,
187.2.84.0/24,BR,BR-SP,Bragança Paulista,
177.83.60.0/23,BR,BR-SP,Bragança Paulista,
177.83.62.0/23,BR,BR-SP,Bragança Paulista,
189.29.93.0/24,BR,BR-SP,Bragança Paulista,
177.180.123.0/24,BR,BR-SP,Bragança Paulista,
187.39.110.0/24,BR,BR-SP,Bragança Paulista,
179.156.148.0/23,BR,BR-SP,Bragança Paulista,
179.156.152.0/22,BR,BR-SP,Bragança Paulista,
179.156.130.0/24,BR,BR-SP,Bragança Paulista,
177.83.49.0/24,BR,BR-SP,Bragança Paulista,
177.83.51.0/24,BR,BR-SP,Bragança Paulista,
189.29.83.0/24,BR,BR-SP,Bragança Paulista,
179.232.164.0/23,BR,BR-SP,Bragança Paulista,
189.29.88.0/23,BR,BR-SP,Bragança Paulista,
179.232.166.0/23,BR,BR-SP,Bragança Paulista,
179.232.172.0/23,BR,BR-SP,Bragança Paulista,
181.220.172.0/22,BR,BR-SP,Bragança Paulista,
189.29.82.0/24,BR,BR-SP,Bragança Paulista,
179.232.174.0/23,BR,BR-SP,Bragança Paulista,
179.156.144.0/23,BR,BR-SP,Bragança Paulista,
189.29.64.0/22,BR,BR-SP,Bragança Paulista,
179.156.146.0/23,BR,BR-SP,Bragança Paulista,
181.220.168.0/22,BR,BR-SP,Bragança Paulista,
177.180.126.0/23,BR,BR-SP,Bragança Paulista,
189.55.164.0/23,BR,BR-SP,Bragança Paulista,
189.55.166.0/23,BR,BR-SP,Bragança Paulista,
187.39.106.0/23,BR,BR-SP,Bragança Paulista,
177.35.250.0/23,BR,BR-SP,Bragança Paulista,
189.55.172.0/22,BR,BR-SP,Bragança Paulista,
187.39.108.0/23,BR,BR-SP,Bragança Paulista,
181.220.164.0/22,BR,BR-SP,Bragança Paulista,
189.55.168.0/22,BR,BR-SP,Bragança Paulista,
177.35.252.0/23,BR,BR-SP,Bragança Paulista,
179.156.140.0/22,BR,BR-SP,Bragança Paulista,
177.83.53.0/24,BR,BR-SP,Bragança Paulista,
189.55.228.0/22,BR,BR-SP,Mauá,
189.55.236.0/22,BR,BR-SP,Mauá,
201.74.84.0/22,BR,BR-SP,Mauá,
201.74.88.0/22,BR,BR-SP,Mauá,
191.182.216.0/21,BR,BR-SP,Mauá,
191.182.104.0/22,BR,BR-SP,Mauá,
187.182.169.0/24,BR,BR-SP,Guarulhos,
179.216.198.0/23,BR,BR-MT,Cuiabá,
177.193.188.0/22,BR,BR-MT,Cuiabá,
181.220.176.0/23,BR,BR-SP,Bragança Paulista,
177.35.248.0/23,BR,BR-SP,Bragança Paulista,
181.220.180.0/22,BR,BR-SP,Bragança Paulista,
189.29.68.0/22,BR,BR-SP,Bragança Paulista,
179.232.168.0/22,BR,BR-SP,Bragança Paulista,
191.187.72.0/22,BR,BR-SP,Bragança Paulista,
179.156.156.0/22,BR,BR-SP,Bragança Paulista,
181.220.184.0/23,BR,BR-SP,Bragança Paulista,
181.220.178.0/23,BR,BR-SP,Bragança Paulista,
189.29.94.0/23,BR,BR-SP,Bragança Paulista,
179.156.150.0/23,BR,BR-SP,Bragança Paulista,
189.29.80.0/24,BR,BR-SP,Bragança Paulista,
187.66.148.0/23,BR,BR-SP,Bragança Paulista,
179.232.160.0/23,BR,BR-SP,Bragança Paulista,
177.180.122.0/24,BR,BR-SP,Bragança Paulista,
187.2.87.0/24,BR,BR-SP,Bragança Paulista,
177.83.56.0/22,BR,BR-SP,Bragança Paulista,
177.83.52.0/24,BR,BR-SP,Bragança Paulista,
191.187.78.0/24,BR,BR-SP,Bragança Paulista,
187.255.24.0/23,BR,BR-SP,Guarulhos,
179.153.252.0/22,BR,BR-SP,Itu,
177.64.244.0/22,BR,BR-MT,Cuiabá,
177.64.224.0/21,BR,BR-MT,Cuiabá,
187.183.160.0/21,BR,BR-MT,Cuiabá,
177.193.184.0/22,BR,BR-MT,Cuiabá,
179.216.204.0/22,BR,BR-MT,Cuiabá,
187.183.152.0/21,BR,BR-MT,Cuiabá,
187.182.196.0/22,BR,BR-SP,Guarulhos,
201.46.243.0/24,BR,BR-SP,Guarulhos,
189.29.112.0/23,BR,BR-SP,Taubaté,
179.235.72.0/22,BR,BR-SP,Taubaté,
187.2.218.0/23,BR,BR-SP,Taubaté,
179.235.84.0/22,BR,BR-SP,Taubaté,
187.2.236.0/23,BR,BR-SP,Taubaté,
186.222.228.0/22,BR,BR-SP,Taubaté,
189.4.192.0/20,BR,BR-SP,Taubaté,
201.62.116.0/23,BR,BR-SP,Taubaté,
187.2.228.0/22,BR,BR-SP,Taubaté,
189.55.144.0/22,BR,BR-SP,Taubaté,
189.55.150.0/23,BR,BR-SP,Taubaté,
179.235.88.0/22,BR,BR-SP,Taubaté,
179.155.62.0/24,BR,BR-SP,Taubaté,
189.29.96.0/22,BR,BR-SP,Taubaté,
186.222.236.0/22,BR,BR-SP,Taubaté,
187.2.220.0/22,BR,BR-SP,Taubaté,
186.222.232.0/24,BR,BR-SP,Taubaté,
189.29.114.0/23,BR,BR-SP,Taubaté,
187.2.232.0/22,BR,BR-SP,Taubaté,
179.235.82.0/24,BR,BR-SP,Taubaté,
179.235.83.0/24,BR,BR-SP,Taubaté,
187.180.200.0/22,BR,BR-SP,Taubaté,
179.155.36.0/22,BR,BR-SP,Taubaté,
187.66.172.0/22,BR,BR-SP,Taubaté,
189.29.120.0/21,BR,BR-SP,Taubaté,
179.155.44.0/22,BR,BR-SP,Taubaté,
179.155.40.0/22,BR,BR-SP,Taubaté,
186.222.224.0/22,BR,BR-SP,Taubaté,
189.55.128.0/23,BR,BR-SP,Taubaté,
191.178.184.0/23,BR,BR-PA,Belém,
181.221.107.0/24,BR,BR-PE,Recife,
187.21.3.0/24,BR,BR-PE,Recife,
186.218.5.0/24,BR,BR-PE,Recife,
177.100.65.0/24,BR,BR-PE,Recife,
179.152.229.0/24,BR,BR-PE,Recife,
187.123.158.0/25,BR,BR-SP,Aparecida,
187.123.159.16/30,BR,BR-SP,Aparecida,
187.123.132.0/24,BR,BR-SP,Aparecida,
179.211.106.0/23,BR,BR-SP,Aparecida,
179.211.126.0/23,BR,BR-SP,Aparecida,
177.193.124.0/23,BR,BR-SP,Aparecida,
179.235.237.0/24,BR,BR-SP,Aparecida,
187.123.121.0/24,BR,BR-SP,Aparecida,
179.157.103.0/24,BR,BR-SP,Aparecida,
179.157.119.0/24,BR,BR-SP,Aparecida,
179.157.120.0/24,BR,BR-SP,Aparecida,
187.255.144.0/21,BR,BR-SP,Aparecida,
187.123.142.0/24,BR,BR-SP,Aparecida,
177.193.122.0/23,BR,BR-SP,Aparecida,
179.157.121.0/24,BR,BR-SP,Aparecida,
187.123.118.0/23,BR,BR-SP,Aparecida,
177.127.128.0/21,BR,BR-RJ,São Gonçalo,
191.190.56.0/21,BR,BR-RJ,São Gonçalo,
189.123.15.0/24,BR,BR-RJ,São Gonçalo,
179.215.0.0/21,BR,BR-RJ,São Gonçalo,
191.190.40.0/22,BR,BR-RJ,São Gonçalo,
191.190.44.0/22,BR,BR-RJ,São Gonçalo,
179.155.140.0/23,BR,BR-TO,Palmas,
191.186.0.0/21,BR,BR-RJ,Macaé,
179.214.236.0/22,BR,BR-MG,Uberlândia,
179.221.33.0/26,BR,BR-MG,Varginha,
179.221.33.64/26,BR,BR-MG,Varginha,
191.179.0.0/24,BR,BR-RS,Sapucaia do Sul,
179.232.68.240/30,BR,BR-RS,Sapucaia do Sul,
177.183.8.0/23,BR,BR-SP,Jacareí,
187.106.156.0/22,BR,BR-SP,Jacareí,
179.234.60.0/22,BR,BR-SP,Jacareí,
179.223.86.0/23,BR,BR-SP,Jacareí,
187.106.178.0/23,BR,BR-SP,Jacareí,
177.143.158.0/23,BR,BR-SP,Jacareí,
179.211.144.0/22,BR,BR-RJ,Mesquita,
179.157.182.0/24,BR,BR-RJ,Mesquita,
201.37.96.0/22,BR,BR-RS,Esteio,
191.179.12.0/24,BR,BR-RS,Esteio,
191.179.1.0/25,BR,BR-RS,Esteio,
177.181.182.0/23,BR,BR-RN,Natal,
179.152.254.128/25,BR,BR-PE,Recife,
181.221.104.0/23,BR,BR-PE,Recife,
181.222.111.0/24,BR,BR-PE,Recife,
179.154.228.0/24,BR,BR-PE,Recife,
187.122.148.0/22,BR,BR-RJ,Nova Iguaçu,
177.195.32.0/21,BR,BR-RJ,São Gonçalo,
177.195.40.0/21,BR,BR-RJ,São Gonçalo,
179.215.16.0/22,BR,BR-RJ,São Gonçalo,
179.215.8.0/21,BR,BR-RJ,São Gonçalo,
179.215.24.0/21,BR,BR-RJ,São Gonçalo,
179.215.20.0/22,BR,BR-RJ,São Gonçalo,
191.190.48.0/22,BR,BR-RJ,São Gonçalo,
191.190.52.0/24,BR,BR-RJ,São Gonçalo,
191.190.53.0/24,BR,BR-RJ,São Gonçalo,
191.190.54.0/23,BR,BR-RJ,São Gonçalo,
191.190.4.0/22,BR,BR-RJ,São Gonçalo,
187.123.78.0/25,BR,BR-RN,Natal,
177.65.216.0/22,BR,BR-RN,Natal,
187.123.133.0/24,BR,BR-SP,Aparecida,
179.235.226.0/23,BR,BR-SP,Aparecida,
179.235.224.0/23,BR,BR-SP,Aparecida,
177.193.120.0/23,BR,BR-SP,Aparecida,
187.123.116.0/23,BR,BR-SP,Aparecida,
177.193.115.0/24,BR,BR-SP,Aparecida,
179.157.100.0/23,BR,BR-SP,Aparecida,
187.123.143.0/24,BR,BR-SP,Aparecida,
179.157.118.0/24,BR,BR-SP,Aparecida,
179.211.120.0/24,BR,BR-SP,Aparecida,
187.123.140.0/23,BR,BR-SP,Aparecida,
187.123.152.0/24,BR,BR-SP,Aparecida,
187.123.130.0/24,BR,BR-SP,Aparecida,
179.157.108.0/23,BR,BR-SP,Aparecida,
179.157.112.0/23,BR,BR-SP,Aparecida,
187.255.152.0/21,BR,BR-SP,Aparecida,
179.211.110.0/24,BR,BR-SP,Aparecida,
187.123.159.12/30,BR,BR-SP,Aparecida,
179.211.102.0/23,BR,BR-SP,Aparecida,
179.235.238.0/23,BR,BR-SP,Aparecida,
179.157.110.0/23,BR,BR-SP,Aparecida,
187.123.147.0/24,BR,BR-SP,Aparecida,
179.235.232.0/23,BR,BR-SP,Aparecida,
177.65.208.0/23,BR,BR-SP,Aparecida,
177.193.127.0/24,BR,BR-SP,Aparecida,
179.235.234.0/24,BR,BR-SP,Aparecida,
177.193.112.0/24,BR,BR-SP,Aparecida,
177.65.213.0/24,BR,BR-SP,Aparecida,
177.65.210.0/23,BR,BR-SP,Aparecida,
179.211.100.0/23,BR,BR-SP,Aparecida,
179.211.104.0/23,BR,BR-SP,Aparecida,
179.235.235.0/24,BR,BR-SP,Aparecida,
179.157.122.0/24,BR,BR-SP,Aparecida,
177.65.212.0/24,BR,BR-SP,Aparecida,
191.179.225.0/24,BR,BR-PR,Guarapuava,
186.223.148.0/22,BR,BR-PE,Recife,
179.154.170.0/24,BR,BR-PI,Teresina,
177.193.217.128/25,BR,BR-BA,Salvador,
177.193.216.0/26,BR,BR-BA,Salvador,
177.193.217.0/25,BR,BR-BA,Salvador,
177.180.128.0/23,BR,BR-BA,Salvador,
186.207.168.0/23,BR,BR-BA,Salvador,
191.178.112.0/23,BR,BR-BA,Salvador,
179.222.150.0/23,BR,BR-BA,Salvador,
191.178.104.0/22,BR,BR-BA,Salvador,
177.193.216.128/25,BR,BR-BA,Salvador,
187.105.76.0/23,BR,BR-BA,Salvador,
187.105.72.0/23,BR,BR-BA,Salvador,
179.215.236.0/23,BR,BR-BA,Salvador,
177.180.150.0/23,BR,BR-BA,Salvador,
187.105.78.0/23,BR,BR-BA,Salvador,
187.180.50.0/23,BR,BR-BA,Salvador,
177.82.192.0/24,BR,BR-BA,Salvador,
177.193.206.0/24,BR,BR-BA,Salvador,
187.105.70.0/23,BR,BR-BA,Salvador,
177.193.216.64/26,BR,BR-BA,Salvador,
191.178.186.0/23,BR,BR-PA,Belém,
191.178.190.0/24,BR,BR-PA,Belém,
187.180.84.0/22,BR,BR-PA,Belém,
177.65.132.0/23,BR,BR-PA,Belém,
187.255.196.0/24,BR,BR-PA,Belém,
187.122.254.0/25,BR,BR-PA,Belém,
187.122.253.12/30,BR,BR-PA,Belém,
187.255.198.0/24,BR,BR-PA,Belém,
179.223.226.0/23,BR,BR-PA,Belém,
187.255.197.0/24,BR,BR-PA,Belém,
187.255.204.0/24,BR,BR-PA,Ananindeua,
179.223.180.0/23,BR,BR-MA,São Luís,
187.180.12.0/22,BR,BR-MA,São Luís,
191.190.24.0/21,BR,BR-RJ,São Gonçalo,
189.123.14.0/24,BR,BR-RJ,Niterói,
191.190.52.0/23,BR,BR-RJ,São Gonçalo,
191.190.47.0/24,BR,BR-RJ,Niterói,
187.21.108.0/23,BR,BR-SP,Guarujá,
187.21.92.0/23,BR,BR-SP,Guarujá,
187.21.94.0/23,BR,BR-SP,Guarujá,
181.222.40.0/22,BR,BR-SP,Guarujá,
187.21.110.0/23,BR,BR-SP,Guarujá,
187.21.96.0/22,BR,BR-SP,Guarujá,
179.215.40.0/22,BR,BR-SP,Guarujá,
187.21.65.0/24,BR,BR-SP,Guarujá,
187.21.64.0/24,BR,BR-SP,Guarujá,
187.21.76.12/30,BR,BR-SP,Guarujá,
189.4.4.0/24,BR,BR-PR,Curitiba,
189.4.2.0/26,BR,BR-PR,Curitiba,
189.101.124.128/25,BR,BR-PR,Curitiba,
191.184.4.0/23,BR,BR-ES,Cariacica,
201.6.243.0/24,BR,BR-SP,São Paulo,
201.6.254.0/24,BR,BR-SP,São Paulo,
189.5.182.0/25,BR,BR-GO,Goiânia,
179.219.2.0/24,BR,BR-RS,Gravataí,
189.4.65.0/24,BR,BR-SC,Florianópolis,
189.4.67.0/24,BR,BR-SC,Florianópolis,
189.4.68.0/24,BR,BR-SC,Florianópolis,
189.4.81.0/24,BR,BR-SC,Florianópolis,
189.4.83.0/24,BR,BR-SC,Florianópolis,
179.213.108.0/22,BR,BR-SP,Cotia,
187.122.100.0/24,BR,BR-SP,Cotia,
187.122.101.0/24,BR,BR-SP,Cotia,
187.122.102.0/24,BR,BR-SP,Cotia,
187.122.103.0/24,BR,BR-SP,Cotia,
187.122.104.0/24,BR,BR-SP,Cotia,
187.122.105.0/24,BR,BR-SP,Cotia,
187.122.106.0/24,BR,BR-SP,Cotia,
187.122.107.0/24,BR,BR-SP,Cotia,
187.122.108.0/24,BR,BR-SP,Cotia,
187.122.109.0/24,BR,BR-SP,Cotia,
187.122.110.0/24,BR,BR-SP,Cotia,
191.183.0.0/24,BR,BR-SP,Cotia,
189.4.8.176/30,BR,BR-PR,São José dos Pinhais,
189.4.2.64/27,BR,BR-PR,São José dos Pinhais,
189.4.2.192/27,BR,BR-PR,São José dos Pinhais,
189.4.2.224/27,BR,BR-PR,São José dos Pinhais,
189.4.2.128/27,BR,BR-PR,São José dos Pinhais,
189.34.190.0/24,BR,BR-SP,Santos,
189.34.128.20/30,BR,BR-SP,Santos,
189.126.30.0/23,BR,BR-SP,Botucatu,
189.4.103.4/30,BR,BR-SC,Florianópolis,
187.106.31.0/24,BR,BR-SP,Jundiaí,
189.5.239.0/24,BR,BR-SP,Monte Alto,
177.83.224.0/22,BR,BR-SP,Mirandópolis,
177.142.76.0/23,BR,BR-RJ,Rio de Janeiro,
187.106.74.0/24,BR,BR-SP,Praia Grande,
187.106.72.0/24,BR,BR-SP,Praia Grande,
187.2.136.0/23,BR,BR-SP,Praia Grande,
187.22.8.0/24,BR,BR-SP,Praia Grande,
187.22.10.0/24,BR,BR-SP,Praia Grande,
179.234.58.0/23,BR,BR-SP,Praia Grande,
179.234.56.0/23,BR,BR-SP,Praia Grande,
179.222.213.0/24,BR,BR-SP,José Bonifácio,
181.218.63.0/24,BR,BR-RS,Guaíba,
187.64.166.0/23,BR,BR-ES,Serra,
187.64.128.0/24,BR,BR-ES,Serra,
187.64.129.0/24,BR,BR-ES,Serra,
187.64.130.0/24,BR,BR-ES,Serra,
187.64.131.0/24,BR,BR-ES,Serra,
187.64.132.0/24,BR,BR-ES,Serra,
187.36.197.128/30,BR,BR-ES,Serra,
187.36.197.64/30,BR,BR-ES,Vila Velha,
179.152.116.0/23,BR,BR-RS,Porto Alegre,
189.103.8.0/23,BR,BR-RS,Santa Maria,
177.35.208.0/24,BR,BR-SP,Garça,
189.5.204.0/24,BR,BR-SP,Guaíra,
179.157.196.0/22,BR,BR-SP,São Vicente,
179.157.222.0/24,BR,BR-SP,São Vicente,
187.22.4.0/22,BR,BR-SP,São Vicente,
187.22.20.0/23,BR,BR-SP,São Vicente,
187.22.64.8/30,BR,BR-SP,São Vicente,
189.63.1.64/30,BR,BR-GO,Goiânia,
201.21.240.0/23,BR,BR-RS,Porto Alegre,
201.21.248.0/22,BR,BR-RS,Porto Alegre,
201.21.198.0/24,BR,BR-RS,Porto Alegre,
187.22.126.0/24,BR,BR-SP,Praia Grande,
201.6.74.96/30,BR,BR-SP,São Paulo,
201.76.31.0/24,BR,BR-SP,Vinhedo,
187.106.13.0/25,BR,BR-SP,Vinhedo,
187.106.13.128/26,BR,BR-SP,Vinhedo,
187.106.13.192/26,BR,BR-SP,Vinhedo,
201.76.24.0/24,BR,BR-SP,Vinhedo,
201.76.28.0/25,BR,BR-SP,Vinhedo,
189.63.1.24/30,BR,BR-GO,Goiânia,
189.7.162.240/30,BR,BR-RS,Bento Gonçalves,
189.7.163.96/27,BR,BR-RS,Bento Gonçalves,
201.6.74.100/30,BR,BR-SP,São Paulo,
177.34.176.0/21,BR,BR-SP,Marília,
189.103.55.0/24,BR,BR-SP,Pindamonhangaba,
179.222.212.0/24,BR,BR-SP,Olímpia,
189.5.61.0/24,BR,BR-SP,Boituva,
181.217.45.0/24,BR,BR-SP,Boituva,
187.65.190.0/24,BR,BR-RJ,Paraíba do Sul,
179.137.106.0/23,BR,BR-RJ,Paraíba do Sul,
179.137.128.0/23,BR,BR-RJ,Paraíba do Sul,
179.216.177.0/24,BR,BR-SC,Florianópolis,
201.74.226.0/23,BR,BR-SP,Nova Odessa,
189.7.218.240/30,BR,BR-RS,Bagé,
201.55.236.4/30,BR,BR-SP,Mogi Mirim,
187.65.191.0/24,BR,BR-RJ,Paraíba do Sul,
177.35.210.0/24,BR,BR-SP,Dracena,
189.101.248.0/22,BR,BR-SP,Valparaíso,
179.223.156.0/23,BR,BR-SC,Balneário Camboriú,
189.55.135.0/24,BR,BR-SP,Taubaté,
189.5.226.12/30,BR,BR-SP,Ribeirão Preto,
191.178.239.0/24,BR,BR-SP,Mogi das Cruzes,
191.178.229.0/24,BR,BR-SP,Mogi das Cruzes,
177.143.77.0/25,BR,BR-SP,Mogi das Cruzes,
201.74.142.0/24,BR,BR-SP,Cubatão,
189.55.154.0/24,BR,BR-SP,São Vicente,
191.188.20.0/24,BR,BR-SP,Jundiaí,
179.154.100.0/24,BR,BR-SP,Jundiaí,
179.213.100.0/22,BR,BR-SP,Cotia,
179.213.84.0/22,BR,BR-SP,Cotia,
191.187.60.0/23,BR,BR-MG,Governador Valadares,
181.219.212.0/22,BR,BR-SP,Fernandópolis,
191.184.10.0/23,BR,BR-ES,Serra,
187.2.0.0/21,BR,BR-SP,Santa Bárbara d'Oeste,
187.2.44.0/22,BR,BR-SP,Santa Bárbara d'Oeste,
187.104.184.0/21,BR,BR-SP,Santa Bárbara d'Oeste,
201.62.123.0/27,BR,BR-SP,Santa Bárbara d'Oeste,
201.62.126.0/24,BR,BR-SP,Santa Bárbara d'Oeste,
201.55.235.192/30,BR,BR-SP,Santa Bárbara d'Oeste,
179.215.76.0/24,BR,BR-SP,São Vicente,
187.22.24.0/22,BR,BR-SP,São Vicente,
179.157.242.0/23,BR,BR-SP,São Vicente,
187.22.108.0/22,BR,BR-SP,São Vicente,
179.215.70.0/23,BR,BR-SP,São Vicente,
187.22.112.0/22,BR,BR-SP,São Vicente,
187.106.76.0/24,BR,BR-SP,São Vicente,
187.106.124.0/23,BR,BR-SP,São Vicente,
187.106.126.0/23,BR,BR-SP,São Vicente,
189.122.65.0/24,BR,BR-RJ,Rio de Janeiro,
191.187.225.128/25,BR,BR-SC,Itajaí,
191.187.228.0/30,BR,BR-SC,Itajaí,
187.23.48.0/24,BR,BR-SP,São José do Rio Preto,
187.36.197.80/30,BR,BR-ES,Vila Velha,
189.5.52.0/24,BR,BR-SP,Sorocaba,
187.36.197.96/30,BR,BR-ES,Vila Velha,
179.215.32.0/22,BR,BR-SP,Guarujá,
179.215.48.0/23,BR,BR-SP,Guarujá,
179.215.50.0/23,BR,BR-SP,Guarujá,
179.215.52.0/22,BR,BR-SP,Guarujá,
179.215.56.0/22,BR,BR-SP,Guarujá,
181.222.52.0/22,BR,BR-SP,Guarujá,
181.222.60.0/22,BR,BR-SP,Guarujá,
187.21.84.0/22,BR,BR-SP,Guarujá,
187.21.100.0/22,BR,BR-SP,Guarujá,
187.21.106.0/23,BR,BR-SP,Guarujá,
187.21.112.0/22,BR,BR-SP,Guarujá,
187.21.120.0/22,BR,BR-SP,Guarujá,
187.21.124.0/23,BR,BR-SP,Guarujá,
187.21.76.16/30,BR,BR-SP,Guarujá,
201.6.72.44/30,BR,BR-SP,São Paulo,
187.65.200.0/21,BR,BR-SC,São José,
187.65.212.0/22,BR,BR-SC,São José,
191.191.16.0/22,BR,BR-SC,São José,
201.75.252.0/22,BR,BR-SP,Limeira,
187.65.132.0/24,BR,BR-PB,João Pessoa,
179.232.56.0/23,BR,BR-SP,Indaiatuba,
189.123.226.0/24,BR,BR-PR,Araucária,
189.4.3.128/25,BR,BR-PR,Araucária,
189.4.8.168/30,BR,BR-PR,Araucária,
189.32.0.0/23,BR,BR-PR,Curitiba,
189.32.4.0/22,BR,BR-PR,Curitiba,
189.32.8.0/22,BR,BR-PR,Curitiba,
187.66.49.0/24,BR,BR-SP,Bady Bassitt,
179.156.110.0/23,BR,BR-SP,Bebedouro,
189.7.218.236/30,BR,BR-RS,Bagé,
189.5.164.0/22,BR,BR-GO,Goiânia,
181.219.227.0/24,BR,BR-MG,Divinópolis,
177.82.20.0/24,BR,BR-PR,Arapongas,
179.105.4.0/23,BR,BR-PR,Arapongas,
179.105.8.0/23,BR,BR-PR,Arapongas,
191.184.182.0/23,BR,BR-PR,Arapongas,
191.184.178.0/23,BR,BR-PR,Arapongas,
179.105.0.0/23,BR,BR-PR,Arapongas,
189.7.57.0/26,BR,BR-PR,Arapongas,
189.63.1.16/30,BR,BR-GO,Goiânia,
181.219.46.0/23,BR,BR-SC,Itapema,
189.35.28.0/23,BR,BR-SP,Ibaté,
189.7.113.0/24,BR,BR-RS,Novo Hamburgo,
189.7.115.156/30,BR,BR-RS,Novo Hamburgo,
187.66.55.0/24,BR,BR-SP,São José do Rio Preto,
201.55.236.12/30,BR,BR-SP,Mogi Mirim,
189.5.190.0/24,BR,BR-GO,Goiânia,
191.179.60.0/23,BR,BR-SP,Bertioga,
189.32.253.0/24,BR,BR-SP,Sorocaba,
189.101.125.128/25,BR,BR-PR,São José dos Pinhais,
179.159.60.0/23,BR,BR-SP,Campinas,
191.191.132.0/25,BR,BR-GO,Goiânia,
181.216.232.0/23,BR,BR-SP,São João da Boa Vista,
189.5.30.0/24,BR,BR-SP,Sorocaba,
187.107.188.0/22,BR,BR-SP,Sumaré,
179.154.103.0/24,BR,BR-SP,Jundiaí,
189.103.201.0/24,BR,BR-SP,Jundiaí,
179.232.52.0/23,BR,BR-SP,Indaiatuba,
181.217.96.0/22,BR,BR-SP,Indaiatuba,
181.217.100.0/22,BR,BR-SP,Indaiatuba,
189.101.125.0/25,BR,BR-PR,Curitiba,
189.5.186.0/25,BR,BR-GO,Goiânia,
181.216.234.0/23,BR,BR-SP,São João da Boa Vista,
187.122.12.0/22,BR,BR-SP,Osasco,
189.34.128.64/30,BR,BR-SP,Santos,
179.222.192.0/21,BR,BR-SP,São José do Rio Preto,
177.180.200.0/21,BR,BR-SP,São José do Rio Preto,
187.23.32.0/20,BR,BR-SP,São José do Rio Preto,
179.234.120.0/21,BR,BR-SP,São José do Rio Preto,
189.7.33.0/24,BR,BR-SP,São José do Rio Preto,
189.7.34.0/24,BR,BR-SP,São José do Rio Preto,
189.7.35.0/24,BR,BR-SP,São José do Rio Preto,
179.222.223.0/24,BR,BR-SP,São José do Rio Preto,
189.63.1.88/30,BR,BR-GO,Goiânia,
189.5.237.0/24,BR,BR-SP,Jardinópolis,
189.34.163.0/24,BR,BR-SP,Peruíbe,
189.101.127.0/25,BR,BR-PR,Curitiba,
179.136.204.0/24,BR,BR-SP,Itanhaém,
191.185.16.0/22,BR,BR-MG,Belo Horizonte,
179.234.119.0/24,BR,BR-SP,São José do Rio Preto,
189.34.59.0/25,BR,BR-SC,São José,
191.191.92.128/25,BR,BR-SC,São José,
189.5.226.28/30,BR,BR-SP,Ribeirão Preto,
179.215.127.128/25,BR,BR-SP,Bertioga,
189.7.97.0/24,BR,BR-SP,Franca,
189.35.48.0/24,BR,BR-SP,Franca,
189.55.158.0/24,BR,BR-SP,Praia Grande,
201.74.112.0/24,BR,BR-SP,Praia Grande,
187.2.142.0/24,BR,BR-SP,Praia Grande,
187.106.100.0/23,BR,BR-SP,Praia Grande,
187.106.77.0/24,BR,BR-SP,Praia Grande,
179.215.91.0/24,BR,BR-SP,Praia Grande,
179.215.89.0/24,BR,BR-SP,Praia Grande,
181.216.240.0/22,BR,BR-SP,Avaré,
187.66.51.0/24,BR,BR-SP,São José do Rio Preto,
186.223.252.0/22,BR,BR-SP,Avaré,
179.216.177.0/25,BR,BR-SC,Palhoça,
191.191.115.0/25,BR,BR-SC,Palhoça,
189.63.139.0/25,BR,BR-RS,Novo Hamburgo,
189.55.130.0/24,BR,BR-SP,Taubaté,
201.74.190.128/25,BR,BR-SP,Mogi das Cruzes,
181.218.69.0/24,BR,BR-RS,Montenegro,
181.213.240.0/22,BR,BR-SP,Guararapes,
187.23.159.0/24,BR,BR-RS,Bagé,
177.35.66.0/24,BR,BR-RS,Bagé,
189.7.3.160/30,BR,BR-SC,Blumenau,
187.39.68.0/23,BR,BR-SP,Pindamonhangaba,
189.4.103.100/30,BR,BR-SC,Florianópolis,
189.55.40.0/21,BR,BR-SP,Santa Bárbara d'Oeste,
186.223.16.0/21,BR,BR-SP,Santa Bárbara d'Oeste,
201.62.126.128/25,BR,BR-SP,Santa Bárbara d'Oeste,
201.55.235.196/30,BR,BR-SP,Santa Bárbara d'Oeste,
189.35.16.0/24,BR,BR-SP,São José do Rio Preto,
187.66.53.0/24,BR,BR-SP,São José do Rio Preto,
189.5.184.0/23,BR,BR-GO,Goiânia,
179.222.214.0/24,BR,BR-SP,José Bonifácio,
189.7.162.252/30,BR,BR-RS,Bento Gonçalves,
201.55.235.176/30,BR,BR-SP,Rio Claro,
191.191.130.0/25,BR,BR-GO,Goiânia,
187.2.89.0/24,BR,BR-SP,Araçatuba,
189.34.57.0/24,BR,BR-SC,Florianópolis,
189.7.232.0/25,BR,BR-RS,Capão da Canoa,
189.7.235.236/30,BR,BR-RS,Capão da Canoa,
201.37.152.0/23,BR,BR-RS,Capão da Canoa,
191.179.207.0/25,BR,BR-RS,Capão da Canoa,
191.179.198.0/23,BR,BR-RS,Capão da Canoa,
187.39.199.0/24,BR,BR-RS,Capão da Canoa,
201.37.128.0/22,BR,BR-RS,Capão da Canoa,
191.179.192.0/23,BR,BR-RS,Capão da Canoa,
201.37.132.0/22,BR,BR-RS,Capão da Canoa,
189.63.176.0/22,BR,BR-RS,Capão da Canoa,
189.63.184.0/23,BR,BR-RS,Capão da Canoa,
191.179.206.0/25,BR,BR-RS,Capão da Canoa,
201.37.156.0/24,BR,BR-RS,Capão da Canoa,
191.179.205.0/24,BR,BR-RS,Capão da Canoa,
191.179.207.128/25,BR,BR-RS,Capão da Canoa,
191.179.206.128/25,BR,BR-RS,Capão da Canoa,
191.179.204.0/24,BR,BR-RS,Capão da Canoa,
201.37.159.0/24,BR,BR-RS,Capão da Canoa,
189.63.188.0/22,BR,BR-RS,Capão da Canoa,
191.179.194.0/23,BR,BR-RS,Capão da Canoa,
191.179.202.0/23,BR,BR-RS,Capão da Canoa,
189.63.181.0/24,BR,BR-RS,Capão da Canoa,
201.37.155.0/24,BR,BR-RS,Capão da Canoa,
189.63.180.0/24,BR,BR-RS,Capão da Canoa,
201.37.154.0/24,BR,BR-RS,Capão da Canoa,
177.193.240.0/23,BR,BR-RS,Capão da Canoa,
189.7.238.0/23,BR,BR-RS,Capão da Canoa,
201.37.157.0/24,BR,BR-RS,Capão da Canoa,
177.83.43.0/24,BR,BR-RS,Capão da Canoa,
189.63.186.0/23,BR,BR-RS,Capão da Canoa,
187.39.198.0/24,BR,BR-RS,Capão da Canoa,
189.7.233.0/24,BR,BR-RS,Capão da Canoa,
179.222.215.0/24,BR,BR-SP,Guapiaçu,
189.63.1.20/30,BR,BR-GO,Goiânia,
177.83.76.0/22,BR,BR-SP,Americana,
181.216.236.0/23,BR,BR-SP,São João da Boa Vista,
179.222.200.0/22,BR,BR-SP,São José do Rio Preto,
179.234.112.0/22,BR,BR-SP,São José do Rio Preto,
186.222.204.0/22,BR,BR-SP,São José do Rio Preto,
186.222.216.0/21,BR,BR-SP,São José do Rio Preto,
187.23.56.0/22,BR,BR-SP,São José do Rio Preto,
187.66.68.0/22,BR,BR-SP,São José do Rio Preto,
187.181.212.0/22,BR,BR-SP,São José do Rio Preto,
189.35.20.0/22,BR,BR-SP,São José do Rio Preto,
179.222.220.0/24,BR,BR-SP,São José do Rio Preto,
187.23.81.28/30,BR,BR-SP,São José do Rio Preto,
177.194.80.0/20,BR,BR-SP,Paulínia,
177.194.116.0/22,BR,BR-SP,Paulínia,
177.194.112.0/27,BR,BR-SP,Paulínia,
177.194.112.32/27,BR,BR-SP,Paulínia,
177.194.112.64/27,BR,BR-SP,Paulínia,
177.194.112.96/27,BR,BR-SP,Paulínia,
201.82.26.92/30,BR,BR-SP,Paulínia,
191.185.56.0/22,BR,BR-MG,Belo Horizonte,
187.21.79.0/24,BR,BR-SP,Guarujá,
187.21.118.0/24,BR,BR-SP,Guarujá,
187.21.76.0/30,BR,BR-SP,Guarujá,
179.215.104.0/22,BR,BR-SP,Praia Grande,
177.142.78.0/23,BR,BR-RJ,Itaguaí,
179.158.62.0/23,BR,BR-RJ,Itaguaí,
187.104.68.0/24,BR,BR-RJ,Barra Mansa,
179.215.113.0/24,BR,BR-SP,Santos,
191.191.120.0/23,BR,BR-SC,Itajaí,
191.191.4.0/24,BR,BR-SC,Palhoça,
191.191.40.0/21,BR,BR-SC,Palhoça,
189.4.103.88/30,BR,BR-SC,Palhoça,
189.103.193.0/24,BR,BR-SP,Jundiaí,
187.106.28.0/24,BR,BR-SP,Jundiaí,
179.136.104.0/24,BR,BR-MS,Três Lagoas,
189.4.103.44/30,BR,BR-SC,Florianópolis,
179.216.176.0/22,BR,BR-SC,Florianópolis,
179.216.176.0/24,BR,BR-SC,Florianópolis,
187.107.140.0/22,BR,BR-SP,Americana,
189.122.70.0/24,BR,BR-RJ,Rio de Janeiro,
179.235.92.0/24,BR,BR-SP,Taubaté,
181.219.116.0/23,BR,BR-SC,Itajaí,
179.105.116.0/23,BR,BR-ES,Vitória,
189.55.134.0/24,BR,BR-SP,Taubaté,
189.63.1.48/30,BR,BR-GO,Goiânia,
187.107.152.0/22,BR,BR-SP,Americana,
189.122.67.0/24,BR,BR-RJ,Rio de Janeiro,
189.102.92.0/23,BR,BR-SP,São Paulo,
179.220.63.0/24,BR,BR-SC,Itajaí,
191.187.228.4/30,BR,BR-SC,Itajaí,
187.23.52.0/22,BR,BR-SP,São José do Rio Preto,
187.181.216.0/21,BR,BR-SP,São José do Rio Preto,
187.66.56.0/21,BR,BR-SP,São José do Rio Preto,
179.222.217.0/24,BR,BR-SP,São José do Rio Preto,
187.23.81.24/30,BR,BR-SP,São José do Rio Preto,
191.179.65.0/25,BR,BR-RJ,Volta Redonda,
191.179.66.128/30,BR,BR-RJ,Volta Redonda,
189.32.239.0/24,BR,BR-SP,Votorantim,
181.219.220.0/24,BR,BR-MG,Itaúna,
181.219.225.0/24,BR,BR-MG,Itaúna,
179.136.251.0/24,BR,BR-MG,Itaúna,
189.34.128.68/30,BR,BR-SP,Santos,
189.34.60.0/25,BR,BR-SC,Florianópolis,
189.7.3.128/30,BR,BR-SC,Blumenau,
187.64.146.0/23,BR,BR-ES,Vitória,
177.182.24.0/21,BR,BR-MG,Belo Horizonte,
189.122.71.0/24,BR,BR-RJ,Rio de Janeiro,
187.2.92.0/23,BR,BR-SP,Araçatuba,
177.143.44.0/24,BR,BR-SP,Poá,
177.235.249.128/25,BR,BR-GO,Valparaíso de Goiás,
189.5.58.0/24,BR,BR-SP,Laranjal Paulista,
177.235.253.0/25,BR,BR-GO,Valparaíso de Goiás,
179.214.99.128/25,BR,BR-GO,Valparaíso de Goiás,
177.143.41.0/24,BR,BR-SP,Poá,
181.217.41.0/24,BR,BR-SP,Laranjal Paulista,
201.6.72.60/30,BR,BR-SP,São Paulo,
201.62.121.128/25,BR,BR-SP,Hortolândia,
200.160.111.0/25,BR,BR-SP,Americana,
201.62.124.48/28,BR,BR-SP,Americana,
201.62.124.32/28,BR,BR-SP,Americana,
201.62.124.192/26,BR,BR-SP,Americana,
186.223.40.0/25,BR,BR-SP,Hortolândia,
189.34.192.0/24,BR,BR-SP,Ubatuba,
189.4.103.28/30,BR,BR-SC,Florianópolis,
189.55.32.0/21,BR,BR-SP,Mogi Guaçu,
186.223.24.0/21,BR,BR-SP,Mogi Guaçu,
189.55.48.0/21,BR,BR-SP,Mogi Guaçu,
186.223.48.0/21,BR,BR-SP,Mogi Guaçu,
201.62.125.0/25,BR,BR-SP,Mogi Guaçu,
189.63.1.52/30,BR,BR-GO,Goiânia,
189.5.226.20/30,BR,BR-SP,Ribeirão Preto,
187.104.168.0/21,BR,BR-SP,Santa Bárbara d'Oeste,
201.75.224.0/21,BR,BR-SP,Santa Bárbara d'Oeste,
201.55.235.208/30,BR,BR-SP,Santa Bárbara d'Oeste,
187.20.76.0/22,BR,BR-MG,Sabará,
187.20.108.0/22,BR,BR-MG,Sabará,
191.185.4.0/23,BR,BR-MG,Sabará,
187.20.40.0/22,BR,BR-MG,Sabará,
201.17.138.164/30,BR,BR-MG,Sabará,
187.107.44.0/22,BR,BR-RS,Santa Maria,
186.222.21.0/24,BR,BR-SC,Florianópolis,
191.191.134.128/25,BR,BR-GO,Goiânia,
191.187.58.0/24,BR,BR-MG,Governador Valadares,
187.104.104.0/22,BR,BR-SP,Sertãozinho,
187.104.100.0/22,BR,BR-SP,Sertãozinho,
187.104.109.0/24,BR,BR-SP,Sertãozinho,
179.156.80.0/22,BR,BR-SP,Sertãozinho,
179.156.84.0/22,BR,BR-SP,Sertãozinho,
186.222.120.0/22,BR,BR-SP,Sertãozinho,
186.222.124.0/22,BR,BR-SP,Sertãozinho,
189.39.144.0/22,BR,BR-SP,Sertãozinho,
189.39.152.128/25,BR,BR-SP,Sertãozinho,
181.216.244.0/22,BR,BR-SP,Avaré,
187.66.48.0/24,BR,BR-SP,Bady Bassitt,
189.126.28.0/23,BR,BR-SP,Avaré,
179.136.194.0/24,BR,BR-SP,Santos,
191.191.112.0/25,BR,BR-SC,Palhoça,
179.215.112.0/24,BR,BR-SP,Santos,
181.221.148.0/22,BR,BR-SC,Balneário Camboriú,
177.180.192.0/21,BR,BR-SP,São José do Rio Preto,
187.23.60.0/22,BR,BR-SP,São José do Rio Preto,
179.222.221.0/24,BR,BR-SP,São José do Rio Preto,
187.23.81.4/30,BR,BR-SP,São José do Rio Preto,
201.62.104.0/24,BR,BR-SP,Pindamonhangaba,
187.66.222.0/24,BR,BR-SP,Mogi das Cruzes,
189.121.160.0/22,BR,BR-SP,São Paulo,
189.5.59.0/24,BR,BR-SP,Iperó,
181.217.40.0/24,BR,BR-SP,Iperó,
189.34.128.28/30,BR,BR-SP,Santos,
187.39.86.0/24,BR,BR-SP,São José do Rio Preto,
187.22.32.0/22,BR,BR-SP,São Vicente,
179.215.64.0/24,BR,BR-SP,São Vicente,
187.22.64.80/30,BR,BR-SP,São Vicente,
187.36.197.140/30,BR,BR-ES,Serra,
187.66.52.0/24,BR,BR-SP,São José do Rio Preto,
177.143.120.0/22,BR,BR-SP,Suzano,
191.188.178.0/23,BR,BR-SP,Suzano,
201.74.184.0/23,BR,BR-SP,Suzano,
179.154.196.0/23,BR,BR-SP,Suzano,
201.74.180.0/24,BR,BR-SP,Suzano,
187.2.249.0/24,BR,BR-SP,Suzano,
177.33.208.0/22,BR,BR-SP,São Paulo,
191.177.224.0/21,BR,BR-PR,Curitiba,
189.34.128.0/30,BR,BR-SP,Santos,
189.34.32.0/22,BR,BR-SC,São José,
191.191.72.0/24,BR,BR-SC,São José,
189.4.103.60/30,BR,BR-SC,São José,
187.22.54.0/23,BR,BR-SP,São Vicente,
186.207.56.0/22,BR,BR-SP,São Vicente,
186.207.24.0/23,BR,BR-SP,São Vicente,
201.74.132.0/23,BR,BR-SP,São Vicente,
187.22.88.0/22,BR,BR-SP,São Vicente,
187.22.100.0/23,BR,BR-SP,São Vicente,
200.189.92.0/23,BR,BR-SP,São Vicente,
187.2.138.0/23,BR,BR-SP,São Vicente,
179.215.74.0/24,BR,BR-SP,São Vicente,
179.157.248.0/22,BR,BR-SP,São Vicente,
179.215.66.0/23,BR,BR-SP,São Vicente,
187.22.76.0/22,BR,BR-SP,São Vicente,
187.22.64.36/30,BR,BR-SP,São Vicente,
189.55.155.0/24,BR,BR-SP,São Vicente,
189.35.17.0/24,BR,BR-SP,São José do Rio Preto,
187.64.100.0/24,BR,BR-PB,João Pessoa,
187.22.127.0/24,BR,BR-SP,Cubatão,
187.106.102.0/24,BR,BR-SP,São Vicente,
189.5.205.0/24,BR,BR-SP,Guaíra,
189.4.8.180/30,BR,BR-PR,São José dos Pinhais,
189.55.188.0/22,BR,BR-SP,Mogi das Cruzes,
191.188.191.0/24,BR,BR-SP,Mogi das Cruzes,
191.188.202.0/24,BR,BR-SP,Mogi das Cruzes,
189.63.1.28/30,BR,BR-GO,Goiânia,
181.220.125.0/25,BR,BR-RS,Pelotas,
179.159.240.0/23,BR,BR-SP,Campinas,
189.55.132.0/24,BR,BR-SP,Taubaté,
189.5.28.0/24,BR,BR-SP,Sorocaba,
189.34.189.0/24,BR,BR-SP,Santos,
189.4.103.0/30,BR,BR-SC,Florianópolis,
177.34.200.0/22,BR,BR-SP,Suzano,
191.178.252.0/23,BR,BR-SP,Suzano,
191.188.230.0/24,BR,BR-SP,Suzano,
201.74.186.0/24,BR,BR-SP,Suzano,
187.2.252.184/30,BR,BR-SP,Suzano,
179.213.0.0/22,BR,BR-SP,Cotia,
179.213.32.0/22,BR,BR-SP,Cotia,
189.4.103.116/30,BR,BR-SC,Florianópolis,
179.234.118.0/24,BR,BR-SP,São José do Rio Preto,
189.101.126.128/25,BR,BR-PR,Curitiba,
201.37.145.0/24,BR,BR-RS,Novo Hamburgo,
187.2.32.0/21,BR,BR-SP,Santa Bárbara d'Oeste,
186.223.96.0/21,BR,BR-SP,Santa Bárbara d'Oeste,
201.55.235.204/30,BR,BR-SP,Santa Bárbara d'Oeste,
189.5.238.0/24,BR,BR-SP,Monte Alto,
177.100.224.0/22,BR,BR-SP,Valinhos,
187.106.10.0/24,BR,BR-SP,Valinhos,
201.55.235.12/30,BR,BR-SP,Americana,
187.23.156.0/24,BR,BR-RS,Bagé,
189.122.75.0/24,BR,BR-RJ,Rio de Janeiro,
189.101.192.0/23,BR,BR-SC,Balneário Camboriú,
187.181.118.0/24,BR,BR-MG,Araxá,
191.189.64.0/21,BR,BR-SP,São José do Rio Preto,
189.32.176.0/20,BR,BR-SP,São José do Rio Preto,
179.222.216.0/24,BR,BR-SP,São José do Rio Preto,
187.23.81.20/30,BR,BR-SP,São José do Rio Preto,
189.101.194.0/23,BR,BR-SC,Balneário Camboriú,
179.213.4.0/22,BR,BR-SP,Cotia,
189.4.2.96/27,BR,BR-PR,Colombo,
187.39.196.0/23,BR,BR-RS,Capão da Canoa,
189.7.236.0/24,BR,BR-RS,Capão da Canoa,
187.39.192.0/23,BR,BR-RS,Capão da Canoa,
187.39.194.0/23,BR,BR-RS,Capão da Canoa,
201.37.158.0/24,BR,BR-RS,Capão da Canoa,
177.83.40.0/24,BR,BR-RS,Capão da Canoa,
177.193.244.0/23,BR,BR-RS,Capão da Canoa,
189.7.237.0/24,BR,BR-RS,Capão da Canoa,
177.193.246.0/23,BR,BR-RS,Capão da Canoa,
177.83.41.0/24,BR,BR-RS,Capão da Canoa,
177.83.42.0/24,BR,BR-RS,Capão da Canoa,
177.193.242.0/23,BR,BR-RS,Capão da Canoa,
189.63.182.0/23,BR,BR-RS,Capão da Canoa,
191.179.196.0/23,BR,BR-RS,Capão da Canoa,
191.179.200.0/23,BR,BR-RS,Capão da Canoa,
189.7.235.240/30,BR,BR-RS,Capão da Canoa,
179.136.203.0/24,BR,BR-SP,Itanhaém,
181.220.125.128/25,BR,BR-RS,Pelotas,
189.7.201.0/25,BR,BR-RS,Lajeado,
189.7.202.236/30,BR,BR-RS,Lajeado,
179.156.108.0/23,BR,BR-SP,Bebedouro,
191.183.20.0/22,BR,BR-SP,Osasco,
179.152.71.0/24,BR,BR-RS,Cachoeirinha,
179.152.78.0/23,BR,BR-RS,Cachoeirinha,
179.152.70.0/24,BR,BR-RS,Cachoeirinha,
177.35.209.0/24,BR,BR-SP,Garça,
187.107.156.0/22,BR,BR-SP,Sumaré,
177.83.46.0/23,BR,BR-RS,Lajeado,
189.29.0.0/23,BR,BR-SP,Araraquara,
189.5.226.8/30,BR,BR-SP,Ribeirão Preto,
187.107.164.0/22,BR,BR-SP,Sumaré,
179.136.202.0/24,BR,BR-SP,Peruíbe,
189.34.128.4/30,BR,BR-SP,Santos,
187.2.94.0/25,BR,BR-SP,Araçatuba,
177.141.24.0/22,BR,BR-SP,São Paulo,
187.65.240.0/21,BR,BR-SC,Palhoça,
179.216.168.0/22,BR,BR-SC,Palhoça,
191.190.160.0/22,BR,BR-SP,Santa Bárbara d'Oeste,
187.36.197.132/30,BR,BR-ES,Serra,
191.191.117.0/24,BR,BR-SC,Caçador,
187.23.49.0/24,BR,BR-SP,Olímpia,
189.120.102.0/23,BR,BR-SP,São Paulo,
191.187.52.72/30,BR,BR-MG,Governador Valadares,
191.187.48.0/23,BR,BR-MG,Governador Valadares,
179.217.56.0/22,BR,BR-ES,Vila Velha,
187.36.197.68/30,BR,BR-ES,Vila Velha,
181.213.48.0/24,BR,BR-AL,Arapiraca,
189.101.126.0/25,BR,BR-PR,Curitiba,
179.223.34.0/23,BR,BR-SP,Jacareí,
191.191.148.0/24,BR,BR-GO,Jataí,
179.219.1.0/24,BR,BR-RS,Cachoeirinha,
189.63.1.56/30,BR,BR-GO,Goiânia,
191.179.36.0/24,BR,BR-SP,Bertioga,
191.179.48.0/22,BR,BR-SP,Bertioga,
191.179.52.0/22,BR,BR-SP,Bertioga,
191.184.67.0/24,BR,BR-SP,Bertioga,
191.184.72.0/23,BR,BR-SP,Bertioga,
191.184.74.0/23,BR,BR-SP,Bertioga,
201.74.144.0/22,BR,BR-SP,Bertioga,
191.184.65.0/24,BR,BR-SP,Bertioga,
179.157.204.0/22,BR,BR-SP,São Vicente,
179.157.224.0/22,BR,BR-SP,São Vicente,
179.157.236.0/22,BR,BR-SP,São Vicente,
187.22.16.0/22,BR,BR-SP,São Vicente,
187.22.40.0/22,BR,BR-SP,São Vicente,
187.22.48.0/24,BR,BR-SP,São Vicente,
187.22.56.0/22,BR,BR-SP,São Vicente,
187.22.60.0/22,BR,BR-SP,São Vicente,
187.22.72.0/22,BR,BR-SP,São Vicente,
187.22.96.0/22,BR,BR-SP,São Vicente,
187.106.110.0/23,BR,BR-SP,São Vicente,
187.22.64.16/30,BR,BR-SP,São Vicente,
189.63.1.68/30,BR,BR-GO,Goiânia,
187.181.119.0/24,BR,BR-MG,Araxá,
179.154.102.0/24,BR,BR-SP,Jundiaí,
201.80.96.0/23,BR,BR-MG,Nova Lima,
201.37.75.0/24,BR,BR-RS,Novo Hamburgo,
201.37.74.0/24,BR,BR-RS,Novo Hamburgo,
201.37.79.0/24,BR,BR-RS,Novo Hamburgo,
189.7.115.164/30,BR,BR-RS,Novo Hamburgo,
187.104.69.0/24,BR,BR-RJ,Valença,
179.136.220.0/23,BR,BR-RJ,Valença,
179.137.108.0/23,BR,BR-RJ,Valença,
187.122.8.0/24,BR,BR-SP,Osasco,
189.5.226.0/30,BR,BR-SP,Ribeirão Preto,
186.207.32.0/23,BR,BR-SP,Praia Grande,
186.207.28.0/23,BR,BR-SP,Praia Grande,
179.157.234.0/23,BR,BR-SP,Praia Grande,
187.22.30.0/24,BR,BR-SP,Praia Grande,
187.22.22.0/23,BR,BR-SP,Praia Grande,
201.17.139.124/30,BR,BR-MG,Nova Lima,
179.137.130.0/23,BR,BR-RJ,Vassouras,
187.104.56.0/24,BR,BR-MG,Betim,
187.104.57.0/24,BR,BR-MG,Betim,
187.104.58.0/24,BR,BR-MG,Betim,
187.104.59.0/24,BR,BR-MG,Betim,
191.191.200.0/21,BR,BR-RS,Lajeado,
189.7.201.192/28,BR,BR-RS,Lajeado,
189.7.202.240/30,BR,BR-RS,Lajeado,
189.32.2.0/24,BR,BR-PR,Almirante Tamandaré,
189.32.12.0/22,BR,BR-PR,Almirante Tamandaré,
189.4.8.120/30,BR,BR-PR,Almirante Tamandaré,
179.105.96.0/23,BR,BR-ES,Vila Velha,
187.66.50.0/24,BR,BR-SP,Potirendaba,
189.5.226.4/30,BR,BR-SP,Ribeirão Preto,
187.36.248.0/22,BR,BR-ES,Vila Velha,
191.190.168.0/22,BR,BR-SP,Santa Bárbara d'Oeste,
179.159.120.0/23,BR,BR-SP,Paulínia,
177.33.126.0/23,BR,BR-SP,São Paulo,
179.208.82.0/23,BR,BR-SP,São Paulo,
189.4.103.16/30,BR,BR-SC,Florianópolis,
189.35.24.0/23,BR,BR-SP,Tambaú,
187.66.54.0/24,BR,BR-SP,São José do Rio Preto,
179.136.205.0/24,BR,BR-SP,Itanhaém,
189.5.226.40/30,BR,BR-SP,Ribeirão Preto,
187.66.223.0/24,BR,BR-SP,Mogi das Cruzes,
177.83.100.0/22,BR,BR-SP,Rio Claro,
191.191.116.128/25,BR,BR-SC,Florianópolis,
189.123.224.0/23,BR,BR-PR,Curitiba,
179.216.177.128/25,BR,BR-SC,São José,
191.191.115.128/25,BR,BR-SC,São José,
201.6.73.240/30,BR,BR-SP,São Paulo,
186.223.0.0/21,BR,BR-SP,Mogi Guaçu,
186.223.56.0/21,BR,BR-SP,Mogi Guaçu,
201.55.236.40/30,BR,BR-SP,Mogi Guaçu,
189.122.74.0/24,BR,BR-RJ,Rio de Janeiro,
181.218.56.0/24,BR,BR-RS,Camaquã,
181.218.68.0/24,BR,BR-RS,Camaquã,
191.190.140.0/22,BR,BR-SP,Hortolândia,
186.222.44.0/22,BR,BR-SC,São José,
189.4.88.0/21,BR,BR-SC,São José,
189.34.17.0/24,BR,BR-SC,São José,
191.191.0.0/23,BR,BR-SC,São José,
191.191.3.0/24,BR,BR-SC,São José,
189.4.103.72/30,BR,BR-SC,São José,
189.4.103.108/30,BR,BR-SC,Florianópolis,
191.191.73.0/24,BR,BR-SC,São José,
189.63.1.4/30,BR,BR-GO,Goiânia,
177.194.114.0/23,BR,BR-SP,Paulínia,
187.107.148.0/22,BR,BR-SP,Sumaré,
191.184.180.0/25,BR,BR-PR,Arapongas,
187.183.216.0/23,BR,BR-RS,Estância Velha,
187.183.220.0/24,BR,BR-RS,Estância Velha,
189.7.116.0/23,BR,BR-RS,Estância Velha,
191.184.250.0/24,BR,BR-RS,Estância Velha,
191.184.252.0/23,BR,BR-RS,Estância Velha,
201.37.150.0/23,BR,BR-RS,Estância Velha,
191.184.255.160/28,BR,BR-RS,Estância Velha,
191.184.255.192/27,BR,BR-RS,Estância Velha,
177.143.194.0/23,BR,BR-RS,Estância Velha,
179.154.255.128/25,BR,BR-RS,Estância Velha,
187.183.212.0/23,BR,BR-RS,Estância Velha,
189.63.140.0/22,BR,BR-RS,Estância Velha,
201.37.148.0/24,BR,BR-RS,Estância Velha,
191.184.255.176/28,BR,BR-RS,Estância Velha,
191.184.255.240/28,BR,BR-RS,Estância Velha,
201.37.66.0/24,BR,BR-RS,Estância Velha,
201.37.67.128/25,BR,BR-RS,Estância Velha,
201.37.73.0/24,BR,BR-RS,Estância Velha,
201.37.76.0/24,BR,BR-RS,Estância Velha,
201.37.149.0/24,BR,BR-RS,Estância Velha,
191.184.255.128/27,BR,BR-RS,Estância Velha,
191.184.255.224/28,BR,BR-RS,Estância Velha,
189.7.115.232/30,BR,BR-RS,Estância Velha,
177.83.88.0/23,BR,BR-SP,Cordeirópolis,
201.55.235.8/30,BR,BR-SP,Americana,
191.189.80.0/21,BR,BR-SP,São José do Rio Preto,
189.7.36.0/22,BR,BR-SP,São José do Rio Preto,
189.35.152.0/22,BR,BR-SP,São José do Rio Preto,
189.35.156.0/22,BR,BR-SP,São José do Rio Preto,
187.23.88.0/21,BR,BR-SP,São José do Rio Preto,
187.66.64.0/22,BR,BR-SP,São José do Rio Preto,
191.189.72.0/21,BR,BR-SP,São José do Rio Preto,
189.35.16.0/22,BR,BR-SP,São José do Rio Preto,
187.66.72.0/22,BR,BR-SP,São José do Rio Preto,
179.222.219.0/24,BR,BR-SP,São José do Rio Preto,
189.4.112.0/21,BR,BR-SC,São José,
191.191.24.0/21,BR,BR-SC,São José,
189.4.103.68/30,BR,BR-SC,São José,
189.5.1.200/30,BR,BR-SP,Votorantim,
189.7.99.0/30,BR,BR-SP,Franca,
177.194.104.0/21,BR,BR-SP,Paulínia,
177.194.96.0/22,BR,BR-SP,Paulínia,
177.194.120.0/22,BR,BR-SP,Paulínia,
201.82.26.80/30,BR,BR-SP,Paulínia,
187.107.184.0/22,BR,BR-SP,Limeira,
179.235.64.0/21,BR,BR-SP,Caçapava,
179.235.76.0/22,BR,BR-SP,Caçapava,
187.66.162.0/23,BR,BR-SP,Caçapava,
187.180.196.0/22,BR,BR-SP,Caçapava,
189.29.108.0/23,BR,BR-SP,Caçapava,
187.2.217.60/30,BR,BR-SP,Caçapava,
181.219.228.0/24,BR,BR-MG,Divinópolis,
179.213.180.0/22,BR,BR-SP,Barueri,
177.82.155.0/24,BR,BR-PB,João Pessoa,
177.82.154.0/24,BR,BR-PB,João Pessoa,
179.233.225.0/25,BR,BR-RS,São Leopoldo,
179.215.60.0/24,BR,BR-SP,Guarujá,
181.222.36.0/23,BR,BR-SP,Guarujá,
181.222.39.0/24,BR,BR-SP,Guarujá,
201.74.152.0/23,BR,BR-SP,Guarujá,
179.215.62.0/24,BR,BR-SP,Guarujá,
181.222.48.0/22,BR,BR-SP,Guarujá,
187.21.66.0/23,BR,BR-SP,Guarujá,
177.34.90.0/23,BR,BR-SP,Guarujá,
181.222.33.0/24,BR,BR-SP,Guarujá,
187.21.72.0/22,BR,BR-SP,Guarujá,
187.21.70.0/23,BR,BR-SP,Guarujá,
181.222.56.0/22,BR,BR-SP,Guarujá,
181.222.44.0/22,BR,BR-SP,Guarujá,
179.215.63.0/24,BR,BR-SP,Guarujá,
187.21.80.0/22,BR,BR-SP,Guarujá,
187.21.126.0/23,BR,BR-SP,Guarujá,
181.222.38.0/24,BR,BR-SP,Guarujá,
187.21.76.20/30,BR,BR-SP,Guarujá,
189.35.26.0/23,BR,BR-SP,Casa Branca,
181.219.208.0/22,BR,BR-SP,Fernandópolis,
189.7.3.132/30,BR,BR-SC,Blumenau,
181.223.72.0/22,BR,BR-SC,Balneário Camboriú,
177.195.152.0/22,BR,BR-SP,Cotia,
191.191.134.0/25,BR,BR-GO,Goiânia,
191.184.24.0/22,BR,BR-ES,Vila Velha,
191.189.88.0/21,BR,BR-SP,São José do Rio Preto,
189.32.160.0/20,BR,BR-SP,São José do Rio Preto,
179.222.222.0/24,BR,BR-SP,São José do Rio Preto,
187.23.81.8/30,BR,BR-SP,São José do Rio Preto,
187.22.52.0/23,BR,BR-SP,São Vicente,
187.22.92.0/22,BR,BR-SP,São Vicente,
179.157.220.0/23,BR,BR-SP,São Vicente,
187.22.84.0/23,BR,BR-SP,São Vicente,
187.22.36.0/22,BR,BR-SP,São Vicente,
187.2.128.0/22,BR,BR-SP,São Vicente,
179.215.68.0/23,BR,BR-SP,São Vicente,
187.22.29.0/24,BR,BR-SP,São Vicente,
186.207.44.0/23,BR,BR-SP,São Vicente,
187.106.78.0/23,BR,BR-SP,São Vicente,
187.22.49.0/24,BR,BR-SP,São Vicente,
187.22.28.0/24,BR,BR-SP,São Vicente,
179.157.232.0/23,BR,BR-SP,São Vicente,
187.22.86.0/24,BR,BR-SP,São Vicente,
201.74.134.0/23,BR,BR-SP,São Vicente,
179.157.210.0/23,BR,BR-SP,São Vicente,
179.215.72.0/23,BR,BR-SP,São Vicente,
187.22.105.0/24,BR,BR-SP,São Vicente,
187.2.143.0/24,BR,BR-SP,São Vicente,
179.157.208.0/23,BR,BR-SP,São Vicente,
187.22.64.32/30,BR,BR-SP,São Vicente,
191.187.80.0/21,BR,BR-SC,Criciúma,
177.180.216.0/21,BR,BR-SP,São José do Rio Preto,
186.222.192.0/21,BR,BR-SP,São José do Rio Preto,
177.180.208.0/21,BR,BR-SP,São José do Rio Preto,
187.181.200.0/21,BR,BR-SP,São José do Rio Preto,
187.23.50.0/24,BR,BR-SP,São José do Rio Preto,
191.191.96.0/21,BR,BR-SC,Florianópolis,
191.191.153.0/24,BR,BR-GO,Santa Helena de Goiás,
189.7.163.0/26,BR,BR-RS,Bento Gonçalves,
179.157.10.0/23,BR,BR-RS,Bento Gonçalves,
189.5.226.44/30,BR,BR-SP,Ribeirão Preto,
189.55.159.0/24,BR,BR-SP,São Vicente,
187.21.238.0/25,BR,BR-SP,Bertioga,
187.2.54.0/24,BR,BR-SP,Rio Claro,
189.32.238.0/24,BR,BR-SP,Votorantim,
189.34.53.0/24,BR,BR-SC,São José,
189.34.63.0/24,BR,BR-SC,Palhoça,
191.191.93.128/25,BR,BR-SC,São José,
201.17.214.0/24,BR,BR-MG,Nova Lima,
191.191.112.128/25,BR,BR-SC,Palhoça,
179.221.208.0/21,BR,BR-SC,Itapema,
179.221.223.0/24,BR,BR-SC,Itapema,
179.221.220.0/23,BR,BR-SC,Itapema,
179.105.36.0/23,BR,BR-SC,Itapema,
191.191.122.0/23,BR,BR-SC,Itapema,
179.220.62.0/24,BR,BR-SC,Itapema,
187.39.76.0/22,BR,BR-SC,Itapema,
191.190.164.0/22,BR,BR-SP,Limeira,
179.158.60.0/24,BR,BR-RJ,Rio de Janeiro,
179.152.97.0/24,BR,BR-RS,Gravataí,
201.21.210.192/30,BR,BR-RS,Gravataí,
187.21.252.0/22,BR,BR-SP,Santos,
189.34.128.24/30,BR,BR-SP,Santos,
189.102.94.0/23,BR,BR-SP,São Paulo,
189.7.56.0/25,BR,BR-PR,Arapongas,
189.7.62.0/30,BR,BR-PR,Arapongas,
179.105.12.0/23,BR,BR-PR,Arapongas,
189.7.58.0/23,BR,BR-PR,Arapongas,
177.183.228.0/23,BR,BR-PR,Arapongas,
179.105.6.0/23,BR,BR-PR,Arapongas,
191.184.176.0/23,BR,BR-PR,Arapongas,
179.105.10.0/23,BR,BR-PR,Arapongas,
179.105.2.0/23,BR,BR-PR,Arapongas,
177.82.19.0/24,BR,BR-PR,Arapongas,
177.183.230.0/23,BR,BR-PR,Arapongas,
177.183.226.0/23,BR,BR-PR,Arapongas,
177.183.224.0/23,BR,BR-PR,Arapongas,
177.82.16.0/24,BR,BR-PR,Arapongas,
177.82.17.0/24,BR,BR-PR,Arapongas,
177.82.18.0/24,BR,BR-PR,Arapongas,
177.82.21.0/24,BR,BR-PR,Arapongas,
177.82.22.0/24,BR,BR-PR,Arapongas,
177.82.23.0/24,BR,BR-PR,Arapongas,
187.183.209.128/25,BR,BR-RS,Novo Hamburgo,
187.183.209.0/25,BR,BR-RS,Novo Hamburgo,
187.183.221.0/24,BR,BR-RS,Novo Hamburgo,
189.7.115.160/30,BR,BR-RS,Novo Hamburgo,
191.188.176.0/23,BR,BR-SP,Mogi das Cruzes,
201.74.181.0/24,BR,BR-SP,Mogi das Cruzes,
189.122.66.0/24,BR,BR-RJ,Rio de Janeiro,
191.191.149.0/24,BR,BR-GO,Jataí,
181.220.126.0/24,BR,BR-RS,Pelotas,
201.55.235.236/30,BR,BR-SP,Sumaré,
189.7.163.128/25,BR,BR-RS,Bento Gonçalves,
189.34.58.0/24,BR,BR-SC,São José,
189.5.236.0/24,BR,BR-SP,Jardinópolis,
191.191.92.0/25,BR,BR-SC,São José,
181.217.42.0/24,BR,BR-SP,Piedade,
189.63.1.8/30,BR,BR-GO,Goiânia,
201.74.154.0/23,BR,BR-SP,Guarujá,
201.74.156.0/23,BR,BR-SP,Guarujá,
177.34.92.0/22,BR,BR-SP,Guarujá,
187.21.88.0/22,BR,BR-SP,Guarujá,
201.74.158.0/23,BR,BR-SP,Guarujá,
187.21.104.0/23,BR,BR-SP,Guarujá,
187.106.68.0/22,BR,BR-SP,Guarujá,
177.34.80.0/23,BR,BR-SP,Guarujá,
187.106.64.0/23,BR,BR-SP,Guarujá,
187.21.68.0/23,BR,BR-SP,Guarujá,
179.215.44.0/22,BR,BR-SP,Guarujá,
177.34.82.0/23,BR,BR-SP,Guarujá,
187.106.66.0/23,BR,BR-SP,Guarujá,
179.215.36.0/22,BR,BR-SP,Guarujá,
177.34.88.0/23,BR,BR-SP,Guarujá,
177.34.84.0/22,BR,BR-SP,Guarujá,
187.21.116.0/23,BR,BR-SP,Guarujá,
187.21.119.0/24,BR,BR-SP,Guarujá,
179.222.218.0/24,BR,BR-SP,Olímpia,
189.55.156.0/24,BR,BR-SP,Praia Grande,
177.183.56.0/22,BR,BR-SP,Sertãozinho,
177.183.60.0/22,BR,BR-SP,Sertãozinho,
179.216.232.0/22,BR,BR-SP,Sertãozinho,
179.216.236.0/22,BR,BR-SP,Sertãozinho,
189.39.156.0/22,BR,BR-SP,Sertãozinho,
187.104.96.0/22,BR,BR-SP,Sertãozinho,
189.39.154.8/30,BR,BR-SP,Sertãozinho,
181.219.219.0/24,BR,BR-MG,Itaúna,
181.219.224.0/24,BR,BR-MG,Itaúna,
179.136.250.0/24,BR,BR-MG,Itaúna,
191.184.6.0/23,BR,BR-ES,Cariacica,
179.208.68.0/22,BR,BR-SP,São Paulo,
